-- phpMyAdmin SQL Dump
-- version 4.5.2
-- http://www.phpmyadmin.net
--
-- Host: localhost
-- Generation Time: Apr 22, 2023 at 11:25 PM
-- Server version: 10.1.9-MariaDB
-- PHP Version: 5.5.30

SET SQL_MODE = "NO_AUTO_VALUE_ON_ZERO";
SET time_zone = "+00:00";


/*!40101 SET @OLD_CHARACTER_SET_CLIENT=@@CHARACTER_SET_CLIENT */;
/*!40101 SET @OLD_CHARACTER_SET_RESULTS=@@CHARACTER_SET_RESULTS */;
/*!40101 SET @OLD_COLLATION_CONNECTION=@@COLLATION_CONNECTION */;
/*!40101 SET NAMES utf8mb4 */;

--
-- Database: `drones`
--

-- --------------------------------------------------------

--
-- Table structure for table `Dron`
--

CREATE TABLE `Dron` (
  `id_dron` int(11) NOT NULL,
  `id_mision` int(11) NOT NULL,
  `aceleracion_max` float NOT NULL,
  `velocidad_max` float NOT NULL,
  `altura_max` float NOT NULL,
  `campo_vision` float NOT NULL,
  `controladora` varchar(255) COLLATE utf8_unicode_ci NOT NULL,
  `duracion_bateria` int(11) NOT NULL,
  `tipo` varchar(25) COLLATE utf8_unicode_ci NOT NULL
) ENGINE=InnoDB DEFAULT CHARSET=utf8 COLLATE=utf8_unicode_ci;

--
-- Dumping data for table `Dron`
--

INSERT INTO `Dron` (`id_dron`, `id_mision`, `aceleracion_max`, `velocidad_max`, `altura_max`, `campo_vision`, `controladora`, `duracion_bateria`, `tipo`) VALUES
(1, 34, 0, 0, 0, 0, 'ArduPilot', 13, 'Q'),
(2, 35, 0, 0, 0, 0, 'ArduPilot', 13, 'Q'),
(3, 36, 34, 33, 16, 45, 'ArduPilot', 13, 'Quadrotor'),
(4, 37, 5, 4, 4, 45, 'ArduPilot', 13, 'Quadrotor'),
(5, 39, 0, 0, 0, 0, 'null', 0, 'null'),
(6, 40, 4, 3, 5, 4, 'null', 0, 'null'),
(7, 41, 3, 56, 2, 4, 'ArduPilot', 13, 'Quadrotor'),
(8, 44, 2, 3, 34, 2, 'ArduPilot', 13, 'Quadrotor'),
(9, 45, 1, 4, 3, 2, 'ArduPilot', 13, 'Quadrotor'),
(10, 46, 6, 5, 4, 3, 'ArduPilot', 13, 'Quadrotor'),
(11, 47, 5, 1, 4, 3, 'ArduPilot', 13, 'Quadrotor'),
(12, 48, 4, 2, 3, 4, 'ArduPilot', 13, 'Quadrotor'),
(13, 49, 8, 6, 5, 4, 'ArduPilot', 13, 'Quadrotor'),
(14, 50, 4, 4, 4, 4, 'ArduPilot', 13, 'Quadrotor'),
(15, 51, 6, 5, 3, 3, 'ArduPilot', 13, 'Quadrotor'),
(16, 52, 1, 1, 1, 1, 'ArduPilot', 13, 'Quadrotor'),
(17, 53, 1, 1, 1, 1, 'ArduPilot', 13, 'Quadrotor'),
(18, 54, 1, 1, 1, 1, 'ArduPilot', 13, 'Quadrotor'),
(19, 55, 2, 2, 2, 2, 'ArduPilot', 13, 'Quadrotor'),
(20, 56, 3, 3, 3, 3, 'ArduPilot', 13, 'Quadrotor'),
(21, 57, 1, 1, 1, 1, 'ArduPilot', 13, 'Quadrotor'),
(22, 58, 1, 1, 1, 1, 'ArduPilot', 13, 'Quadrotor'),
(23, 59, 4, 4, 4, 4, 'ArduPilot', 13, 'Quadrotor'),
(24, 60, 1, 1, 1, 1, 'ArduPilot', 13, 'Quadrotor'),
(25, 61, 0, 0, 0, 0, 'ArduPilot', 13, 'Quadrotor'),
(26, 62, 0, 0, 0, 0, 'ArduPilot', 13, 'Quadrotor'),
(27, 63, 0, 0, 0, 0, 'ArduPilot', 13, 'Quadrotor'),
(28, 64, 0, 0, 0, 0, 'ArduPilot', 13, 'Quadrotor'),
(29, 65, 0, 0, 0, 0, 'ArduPilot', 13, 'Quadrotor'),
(30, 66, 0, 0, 0, 0, 'null', 0, 'null'),
(31, 67, 0, 0, 0, 0, 'null', 0, 'null'),
(32, 68, 0, 0, 0, 0, 'null', 0, 'null'),
(33, 69, 0, 0, 0, 0, 'null', 0, 'null'),
(34, 70, 0, 0, 0, 0, 'null', 0, 'null'),
(35, 71, 0, 0, 0, 0, 'null', 0, 'null'),
(36, 72, 0, 0, 0, 0, 'null', 0, 'null'),
(37, 73, 0, 0, 0, 0, 'null', 0, 'null'),
(38, 73, 0, 0, 0, 0, 'null', 0, 'null'),
(39, 75, 0, 0, 0, 0, 'null', 0, 'null'),
(40, 75, 0, 0, 0, 0, 'null', 0, 'null'),
(41, 75, 0, 0, 0, 0, 'null', 0, 'null');

-- --------------------------------------------------------

--
-- Table structure for table `Foto`
--

CREATE TABLE `Foto` (
  `id_foto` int(11) NOT NULL,
  `id_dron` int(11) NOT NULL,
  `foto` varchar(255) COLLATE utf8_unicode_ci NOT NULL,
  `hora_captura` timestamp NOT NULL DEFAULT CURRENT_TIMESTAMP ON UPDATE CURRENT_TIMESTAMP,
  `latitud_captura` float NOT NULL,
  `longitud_captura` float NOT NULL,
  `altitud_captura` float NOT NULL
) ENGINE=InnoDB DEFAULT CHARSET=utf8 COLLATE=utf8_unicode_ci;

-- --------------------------------------------------------

--
-- Table structure for table `Mision`
--

CREATE TABLE `Mision` (
  `id_mision` int(11) NOT NULL,
  `id_usuario` int(11) NOT NULL,
  `ciudad` varchar(100) COLLATE utf8_unicode_ci NOT NULL DEFAULT 'Cali',
  `descripcion` varchar(255) COLLATE utf8_unicode_ci NOT NULL DEFAULT 'Finca de arroz',
  `dimension` int(11) NOT NULL DEFAULT '3000',
  `direccion` varchar(255) COLLATE utf8_unicode_ci NOT NULL DEFAULT 'Cra 44 #24B-65',
  `fecha` date NOT NULL DEFAULT '2023-02-19',
  `hora_inicio` time NOT NULL DEFAULT '12:00:00',
  `hora_fin` time NOT NULL DEFAULT '12:00:00',
  `nombre_mision` varchar(255) COLLATE utf8_unicode_ci NOT NULL DEFAULT 'Mision Prueba',
  `nombre_ubicacion` varchar(255) COLLATE utf8_unicode_ci NOT NULL DEFAULT 'Univalle',
  `sobrelapamiento` float NOT NULL DEFAULT '1'
) ENGINE=InnoDB DEFAULT CHARSET=utf8 COLLATE=utf8_unicode_ci;

--
-- Dumping data for table `Mision`
--

INSERT INTO `Mision` (`id_mision`, `id_usuario`, `ciudad`, `descripcion`, `dimension`, `direccion`, `fecha`, `hora_inicio`, `hora_fin`, `nombre_mision`, `nombre_ubicacion`, `sobrelapamiento`) VALUES
(1, 15, '', '', 2500, '', '2023-02-17', '07:00:12', '07:00:12', '', '', 0),
(2, 15, '', '', 2500, '', '2023-02-17', '07:01:24', '07:01:24', '', '', 0),
(3, 15, '', '', 2500, '', '2023-02-17', '07:03:06', '07:03:06', '', '', 0),
(4, 15, 'D', 'DSD', 1687953, 'DF', '2023-02-17', '07:17:04', '07:17:04', 'DF', 'SD', 0),
(5, 15, 'A', 'DSAFSADFSFD', 608665, 'AS', '2023-02-18', '08:04:39', '08:04:39', 'SDF', 'SAF', 6),
(6, 15, 'S', 'ASDF', 0, 'SFD', '2023-02-18', '08:08:56', '08:08:56', 'ASDF', 'ASDF', 445),
(7, 15, 'S', 'ASDF', 0, 'SFD', '2023-02-18', '08:08:59', '08:08:59', 'ASDF', 'ASDF', 445),
(8, 15, 'S', 'ASDF', 1092709, 'SFD', '2023-02-18', '08:09:49', '08:09:49', 'ASDF', 'ASDF', 445),
(9, 15, 'S', 'SD', 0, 'SDF', '2023-02-18', '08:13:39', '08:13:39', 'SD', 'SD', 12),
(10, 15, 'C', 'sfsdfsd', 8154880, 'dfasdf', '2023-02-18', '15:17:01', '15:17:01', 'pruebaE', 'Paisaje', 3),
(11, 15, 'D', 'DF', 0, 'DFS', '2023-02-18', '15:26:20', '15:26:20', 'DF', 'SD', 2),
(12, 15, 'N', 'dfs', 6511578, 'asdf', '2023-02-18', '16:50:47', '16:50:47', 'sdfasdf', 'asdf', 5),
(13, 15, 'N', 'dfs', 4357827, 'dfas', '2023-02-18', '17:01:53', '17:01:53', 'dfs', 'dsfs', 3),
(14, 15, 'C', 'j', 0, 'd', '2023-02-18', '17:08:52', '17:08:52', 'g', 'd', 6),
(15, 15, 'S', 'SDF', 0, 'SDF', '2023-02-18', '17:25:26', '17:25:26', 'SDF', 'SDF', 0),
(16, 15, 'S', 'SDF', 1982745, 'SDF', '2023-02-18', '17:26:09', '17:26:09', 'SDF', 'SDF', 0),
(18, 15, 'C', 'D', 904380, 'DFS', '2023-02-18', '17:37:26', '17:37:26', 'SD', 'SD', 0),
(19, 15, 'C', 'D', 904380, 'DFS', '2023-02-18', '17:38:23', '17:38:23', 'SD', 'SD', 0),
(20, 15, 'C', 'D', 904380, 'DFS', '2023-02-18', '17:38:34', '17:38:34', 'SD', 'SD', 0),
(21, 16, 'Cali', '', 2754223, '', '2023-02-18', '17:48:54', '17:48:54', '', '', 0),
(22, 16, 'Cali', '', 2754223, '', '2023-02-18', '17:50:36', '17:50:36', '', '', 0),
(23, 16, 'Cali', '', 1203613, '', '2023-02-18', '17:51:59', '17:51:59', '', '', 0),
(24, 16, 'Cali', '', 1749430, '', '2023-02-18', '18:01:43', '18:01:43', '', '', 0),
(25, 15, 'Cali', '', 3512792, '', '2023-02-21', '06:28:50', '06:28:50', '', '', 0),
(26, 16, 'Cali', '', 667757, '', '2023-02-21', '06:37:27', '06:37:27', '', '', 0),
(27, 15, '', '', 2500, '', '2023-02-25', '16:38:35', '16:38:35', '', '', 0),
(28, 16, '', '', 0, '', '2023-03-01', '06:54:24', '06:54:24', '', '', 0),
(29, 16, '', '', 1554588, '', '2023-03-01', '06:57:06', '06:57:06', '', '', 0),
(30, 16, '', '', 1160770, '', '2023-03-01', '06:58:56', '06:58:56', '', '', 0),
(31, 16, 'fg', 'df', 963265, 'fgd', '2023-03-01', '07:01:55', '07:01:55', 'dfg', 'fgd', 5),
(32, 16, '', '', 5198063, '', '2023-03-01', '07:05:35', '07:05:35', '', '', 0),
(33, 16, '', '', 1757461, '', '2023-03-01', '07:11:10', '07:11:10', '', '', 0),
(34, 16, '', '', 0, '', '2023-03-01', '07:13:02', '07:13:02', '', '', 0),
(35, 16, '', '', 2241806, '', '2023-03-01', '07:13:18', '07:13:18', '', '', 0),
(36, 16, 'boyaca', 'papa', 1874515, 'dfas', '2023-03-01', '07:17:10', '07:17:10', '0prueba 100', 'caracas', 24),
(37, 15, 'CARTAGENA', 'DFS', 1446069, 'DFSD', '2023-03-07', '14:19:39', '14:19:39', 'SDF', 'SDFS', 5),
(38, 15, 'Cali', 'Cobertura de girasoles', 4030308, 'Carrera 11', '2023-03-23', '22:05:21', '22:05:21', 'Miison 3', 'Granja el dorado', 4),
(39, 16, 'dfa', 'sd', 1487843, 'sddf', '2023-03-23', '22:09:26', '22:09:26', 'asdf', 'sdf', 0),
(40, 16, 'dfs', 'fg', 5878380, 'dfa', '2023-03-23', '22:10:13', '22:10:13', 'dfa', 'df', 5),
(41, 16, 'dg', 'fdg', 1394319, 'dfg', '2023-03-23', '22:15:25', '22:15:25', 'dfg', 'as', 3),
(42, 16, 'dfs', 'sdf', 1880619, 'dfas', '2023-03-25', '14:30:32', '14:30:32', 'sdf', 'asdf', 3),
(43, 16, 'xf', 'cvz', 2492476, 'cbn', '2023-03-25', '14:39:31', '14:39:31', 'xv', 'xcv', 3),
(44, 16, 'df', 'df', 0, 'dfs', '2023-03-25', '14:44:24', '14:44:24', 'df', 'sd', 1),
(45, 16, 'ssd', 'ttt', 2994765, 'gg', '2023-03-25', '14:44:59', '14:44:59', 'sss', 'hhh', 3),
(46, 16, 'dd', 'hh', 7742130, 'ssff', '2023-03-25', '14:47:10', '14:47:10', 'ss', 'cc', 6),
(47, 16, 'df', 'sd', 994437, 'sd', '2023-03-25', '14:51:37', '14:51:37', 'df', 's', 56),
(48, 16, 'df', 'sd', 1498568, 'sd', '2023-03-25', '14:55:05', '14:55:05', 'sd', 'sd', 5),
(49, 16, 'fg', 's', 2089652, 'sd', '2023-03-25', '14:59:12', '14:59:12', 'sd', 's', 8),
(50, 16, 'd', 'fg', 1938447, 'd', '2023-03-25', '15:00:25', '15:00:25', 'd', 'd', 5),
(51, 16, 'Bogota', 'algo', 1193653, 'cra4', '2023-03-25', '15:20:29', '15:20:29', 'mision one', 'los guayabales', 4),
(52, 15, '1', '1', 2457, '1', '2023-03-27', '06:18:32', '06:18:32', '1', '11', 1),
(53, 16, '1', '1', 7522, '1', '2023-03-27', '20:52:34', '20:52:34', '1', '1', 1),
(54, 16, '1', '1', 11081, '1', '2023-03-27', '21:01:30', '21:01:30', '1', '1', 1),
(55, 16, '2', '2', 862, '2', '2023-03-27', '21:07:11', '21:07:11', '2', '2', 2),
(56, 16, '3', '3', 479, '3', '2023-03-27', '21:12:13', '21:12:13', '3', '3', 3),
(57, 16, '1', '1', 1913, '1', '2023-03-27', '21:16:15', '21:16:15', '11', '1', 1),
(58, 16, '1', '1', 1913, '1', '2023-03-27', '21:18:02', '21:18:02', '11', '1', 1),
(59, 16, '2', '4', 3545, '4', '2023-03-27', '21:21:09', '21:21:09', '4', '4', 4),
(60, 16, '1', '1', 897, '1', '2023-03-27', '21:27:17', '21:27:17', '1', '1', 1),
(61, 16, '', '', 107465, '', '2023-03-27', '21:29:44', '21:29:44', '', '', 0),
(62, 16, '', '', 8907648, '', '2023-03-27', '21:32:18', '21:32:18', '', '', 0),
(63, 16, '', '', 33164, '', '2023-03-27', '21:36:59', '21:36:59', '', '', 0),
(64, 16, '', '', 10312, '', '2023-03-27', '21:57:13', '21:57:13', '', '', 0),
(65, 16, '', '', 22924, '', '2023-03-27', '21:58:32', '21:58:32', '', '', 0),
(66, 16, '', '', 13322, '', '2023-03-27', '22:12:31', '22:12:31', '', '', 0),
(67, 16, '', '', 287362, '', '2023-03-27', '22:13:17', '22:13:17', '', '', 0),
(68, 16, '', '', 141826, '', '2023-03-27', '22:14:30', '22:14:30', '', '', 0),
(69, 16, '', '', 10660, '', '2023-03-27', '22:16:02', '22:16:02', '', '', 0),
(70, 16, '', '', 77017, '', '2023-03-27', '22:16:16', '22:16:16', '', '', 0),
(71, 16, '', '', 77017, '', '2023-03-27', '22:16:47', '22:16:47', '', '', 0),
(72, 16, '', '', 66939, '', '2023-03-27', '22:17:04', '22:17:04', '', '', 0),
(73, 16, '', '', 66939, '', '2023-03-27', '22:17:05', '22:17:05', '', '', 0),
(74, 16, '', '', 66939, '', '2023-03-27', '22:17:05', '22:17:05', '', '', 0),
(75, 16, '', '', 66939, '', '2023-03-27', '22:17:06', '22:17:06', '', '', 0),
(76, 16, '', '', 66939, '', '2023-03-27', '22:17:06', '22:17:06', '', '', 0),
(77, 16, '', '', 66939, '', '2023-03-27', '22:17:06', '22:17:06', '', '', 0);

-- --------------------------------------------------------

--
-- Table structure for table `Telemetria`
--

CREATE TABLE `Telemetria` (
  `id_telemetria` int(11) NOT NULL,
  `id_dron` int(11) NOT NULL,
  `porcentaje_bateria` float NOT NULL,
  `hora_actualizacion` time NOT NULL,
  `latitud` float NOT NULL,
  `longitud` float NOT NULL,
  `altitud` float NOT NULL,
  `cabeceo` float NOT NULL,
  `guinada` float NOT NULL,
  `alabeo` float NOT NULL,
  `salud_camara` tinyint(1) NOT NULL,
  `salud_gps` tinyint(1) NOT NULL,
  `salud_controladora` tinyint(1) NOT NULL
) ENGINE=InnoDB DEFAULT CHARSET=utf8 COLLATE=utf8_unicode_ci;

-- --------------------------------------------------------

--
-- Table structure for table `Usuario`
--

CREATE TABLE `Usuario` (
  `id_usuario` int(11) NOT NULL,
  `nombre` varchar(255) COLLATE utf8_unicode_ci NOT NULL,
  `nombre_usuario` varchar(255) COLLATE utf8_unicode_ci NOT NULL,
  `correo` varchar(255) COLLATE utf8_unicode_ci NOT NULL,
  `celular` varchar(255) COLLATE utf8_unicode_ci NOT NULL
) ENGINE=InnoDB DEFAULT CHARSET=utf8 COLLATE=utf8_unicode_ci;

--
-- Dumping data for table `Usuario`
--

INSERT INTO `Usuario` (`id_usuario`, `nombre`, `nombre_usuario`, `correo`, `celular`) VALUES
(6, 'David', 'Jorge', 'david@gmail.com', '3137106234'),
(13, 'Felipe Fernandez', 'FelipeF', 'felipe.fernandez@gmail.com', '3184579823'),
(14, 'Jaime Gonzalez', 'JaimeG', 'jaime.gonzalez@gmail.com', '3016000648'),
(15, 'Eymer Guaquez', 'EymerG', 'eymer.guaquez@gmail.com', '31356783490'),
(16, 'a', 'a', '1646464@', '123');

-- --------------------------------------------------------

--
-- Table structure for table `wp_dron`
--

CREATE TABLE `wp_dron` (
  `id_wp_dron` int(11) NOT NULL,
  `id_dron` int(11) NOT NULL,
  `latitud_ruta` float NOT NULL,
  `longitud_ruta` float NOT NULL,
  `altitud_ruta` float NOT NULL
) ENGINE=InnoDB DEFAULT CHARSET=utf8 COLLATE=utf8_unicode_ci;

--
-- Dumping data for table `wp_dron`
--

INSERT INTO `wp_dron` (`id_wp_dron`, `id_dron`, `latitud_ruta`, `longitud_ruta`, `altitud_ruta`) VALUES
(1, 14, -1, -2, 2),
(2, 14, 1, -2, 2),
(3, 14, 3, 0, 2),
(4, 14, 1, 1, 2),
(5, 14, -1, 1, 2),
(6, 14, -3, 0, 2),
(7, 15, -1, -2, 3),
(8, 15, 1, -2, 3),
(9, 15, 3, 0, 3),
(10, 15, 1, 1, 3),
(11, 15, -1, 1, 3),
(12, 15, -3, 0, 3),
(13, 16, -76.5559, 3.40857, 1),
(14, 16, -76.5546, 3.40797, 1),
(15, 16, -76.5534, 3.40737, 1),
(16, 16, -76.5536, 3.41378, 1),
(17, 16, -76.5533, 3.41621, 1),
(18, 17, -76.5511, 3.412, 1),
(19, 17, -76.5502, 3.41095, 1),
(20, 17, -76.5514, 3.41095, 1),
(21, 18, -76.5575, 3.40544, 1),
(22, 18, -76.5563, 3.40527, 1),
(23, 18, -76.5565, 3.40461, 1),
(24, 18, -76.5577, 3.40464, 1),
(25, 19, -76.5667, 3.41022, 2),
(26, 19, -76.5663, 3.40978, 2),
(27, 19, -76.5666, 3.40973, 2),
(28, 20, -76.5522, 3.42443, 3),
(29, 20, -76.5519, 3.42431, 3),
(30, 20, -76.5521, 3.42416, 3),
(31, 20, -76.5522, 3.42436, 3),
(32, 21, -76.5722, 3.41781, 1),
(33, 21, -76.5715, 3.41761, 1),
(34, 21, -76.5723, 3.41737, 1),
(35, 22, -76.5722, 3.41781, 1),
(36, 22, -76.5715, 3.41761, 1),
(37, 22, -76.5723, 3.41737, 1),
(38, 23, -76.5764, 3.40422, 4),
(39, 23, -76.5759, 3.40376, 4),
(40, 23, -76.577, 3.40359, 4),
(41, 24, -76.5627, 3.40778, 1),
(42, 24, -76.5623, 3.40762, 1),
(43, 24, -76.5627, 3.40744, 1),
(44, 25, -76.5785, 3.42107, 0),
(45, 25, -76.575, 3.41802, 0),
(46, 25, -76.581, 3.41828, 0),
(47, 26, -76.5757, 3.42107, 0),
(48, 26, -76.5373, 3.39673, 0),
(49, 26, -76.5867, 3.39056, 0),
(50, 27, -76.5628, 3.43835, 0),
(51, 27, -76.5608, 3.43713, 0),
(52, 27, -76.5645, 3.43674, 0),
(53, 28, -76.5587, 3.40396, 0),
(54, 28, -76.5578, 3.40346, 0),
(55, 28, -76.5585, 3.40278, 0),
(56, 28, -76.5592, 3.40324, 0),
(57, 29, 3.40329, -76.5579, 0),
(58, 29, 3.40226, -76.557, 0),
(59, 29, 3.40119, -76.5579, 0),
(60, 29, 3.40196, -76.5587, 0),
(61, 30, 3.37019, -76.5309, 0),
(62, 30, 3.37027, -76.5314, 0),
(63, 30, 3.37055, -76.5323, 0),
(64, 33, 3.40398, -76.5577, 0);

-- --------------------------------------------------------

--
-- Table structure for table `wp_recarga`
--

CREATE TABLE `wp_recarga` (
  `id_wp_recarga` int(11) NOT NULL,
  `id_mision` int(11) NOT NULL,
  `wp` varchar(250) COLLATE utf8_unicode_ci NOT NULL
) ENGINE=InnoDB DEFAULT CHARSET=utf8 COLLATE=utf8_unicode_ci;

--
-- Dumping data for table `wp_recarga`
--

INSERT INTO `wp_recarga` (`id_wp_recarga`, `id_mision`, `wp`) VALUES
(1, 14, '[]'),
(2, 15, '[]'),
(3, 16, '[-0.129261, 51.517503]'),
(4, 18, '[-0.142479, 51.51793]'),
(5, 19, '[-0.142479, 51.51793]'),
(6, 20, '[-0.142479, 51.51793]'),
(7, 21, '[-0.137844, 51.518464]'),
(8, 22, '[-0.137844, 51.518464]'),
(9, 24, '[-0.147972, 51.51558]'),
(10, 25, '[-0.081882, 51.523484]'),
(11, 26, '[-0.098362, 51.52028]'),
(12, 28, '[]'),
(13, 29, '[-0.137844, 51.517503]'),
(14, 30, '[-0.136814, 51.517396]'),
(15, 31, '[-0.140591, 51.519639]'),
(16, 32, '[-0.124111, 51.517503]'),
(17, 33, '[-0.150204, 51.519212]'),
(18, 34, '[]'),
(19, 35, '[-0.151577, 51.515473]'),
(20, 36, '[-0.138359, 51.520173]'),
(21, 37, '[-0.141964, 51.516862]'),
(22, 39, '[-76.599598, 3.425863]'),
(23, 40, '[-76.587238, 3.427919]'),
(24, 41, '[-76.595821, 3.429975]'),
(25, 42, '[-76.593246, 3.427576]'),
(26, 43, '[-76.598911, 3.424663]'),
(27, 44, '[]'),
(28, 45, '[-76.574364, 3.434945]'),
(29, 46, '[-76.58226, 3.413868]'),
(30, 47, '[-76.601658, 3.42929]'),
(31, 48, '[-76.594791, 3.428433]'),
(32, 49, '[-76.595478, 3.426206]'),
(33, 50, '[-76.602173, 3.433231]'),
(34, 51, '[-76.58741, 3.437001]'),
(35, 52, '[-76.552895, 3.411533]'),
(36, 53, '[-76.551983, 3.41134]'),
(37, 54, '[-76.55745, 3.40567]'),
(38, 55, '[-76.566827, 3.40997]'),
(39, 56, '[-76.552053, 3.424144]'),
(40, 57, '[-76.57247, 3.417761]'),
(41, 58, '[-76.57247, 3.417761]'),
(42, 59, '[-76.576987, 3.404036]'),
(43, 60, '[-76.562562, 3.407919]'),
(44, 61, '[-76.581874, 3.421622]'),
(45, 62, '[-76.584492, 3.412154]'),
(46, 63, '{}'),
(47, 64, '{}'),
(48, 65, '{}'),
(49, 66, '{}'),
(50, 67, '{}'),
(51, 68, '{}'),
(52, 69, '{}'),
(53, 70, '{}'),
(54, 71, '[-76.55591, 3.401894]'),
(55, 72, '[-76.55591, 3.401894]'),
(56, 73, '[-76.55591, 3.401894]'),
(57, 73, '[-76.55591, 3.401894]'),
(58, 75, '[-76.55591, 3.401894]'),
(59, 75, '[-76.55591, 3.401894]'),
(60, 75, '[-76.55591, 3.401894]');

-- --------------------------------------------------------

--
-- Table structure for table `wp_region`
--

CREATE TABLE `wp_region` (
  `id_wp_region` int(11) NOT NULL,
  `id_mision` int(11) NOT NULL,
  `wp` varchar(250) COLLATE utf8_unicode_ci NOT NULL
) ENGINE=InnoDB DEFAULT CHARSET=utf8 COLLATE=utf8_unicode_ci;

--
-- Dumping data for table `wp_region`
--

INSERT INTO `wp_region` (`id_wp_region`, `id_mision`, `wp`) VALUES
(39, 24, '[-0.135098, 51.515259]'),
(40, 24, '[-0.100079, 51.503293]'),
(41, 24, '[-0.142994, 51.505003]'),
(42, 25, '[-0.123253, 51.521241]'),
(43, 25, '[-0.096474, 51.507781]'),
(44, 25, '[-0.134754, 51.502545]'),
(45, 25, '[-0.142307, 51.512482]'),
(46, 26, '[-0.128059, 51.516541]'),
(47, 26, '[-0.111752, 51.512482]'),
(48, 26, '[-0.138531, 51.508529]'),
(49, 29, '[-0.138016, 51.511093]'),
(50, 29, '[-0.111752, 51.50949]'),
(51, 29, '[-0.119305, 51.500194]'),
(52, 29, '[-0.136814, 51.502545]'),
(53, 30, '[-0.122738, 51.512695]'),
(54, 30, '[-0.109005, 51.50543]'),
(55, 30, '[-0.150032, 51.505217]'),
(56, 31, '[-0.131493, 51.510879]'),
(57, 31, '[-0.115871, 51.502225]'),
(58, 31, '[-0.144539, 51.502118]'),
(59, 32, '[-0.116558, 51.517075]'),
(60, 32, '[-0.089092, 51.489293]'),
(61, 32, '[-0.142994, 51.494744]'),
(62, 33, '[-0.137672, 51.512802]'),
(63, 33, '[-0.105572, 51.501263]'),
(64, 33, '[-0.152779, 51.503721]'),
(65, 33, '[-0.139046, 51.511307]'),
(66, 35, '[-0.134411, 51.51152]'),
(67, 35, '[-0.102482, 51.499981]'),
(68, 35, '[-0.152264, 51.499767]'),
(69, 36, '[-0.133038, 51.510025]'),
(70, 36, '[-0.110378, 51.499339]'),
(71, 36, '[-0.143852, 51.493675]'),
(72, 37, '[-0.139217, 51.512802]'),
(73, 37, '[-0.12085, 51.512589]'),
(74, 37, '[-0.118961, 51.503293]'),
(75, 37, '[-0.141621, 51.503827]'),
(76, 39, '[-76.592045, 3.427748]'),
(77, 39, '[-76.58226, 3.423293]'),
(78, 39, '[-76.587925, 3.410269]'),
(79, 39, '[-76.594448, 3.41661]'),
(80, 40, '[-76.568356, 3.433231]'),
(81, 40, '[-76.534538, 3.411126]'),
(82, 40, '[-76.577797, 3.411298]'),
(83, 41, '[-76.574535, 3.428776]'),
(84, 41, '[-76.566296, 3.417809]'),
(85, 41, '[-76.586208, 3.416952]'),
(86, 42, '[-76.58432, 3.429975]'),
(87, 42, '[-76.568871, 3.421579]'),
(88, 42, '[-76.593418, 3.415239]'),
(89, 43, '[-76.588783, 3.428262]'),
(90, 43, '[-76.569729, 3.418837]'),
(91, 43, '[-76.591702, 3.408556]'),
(92, 45, '[-76.6008, 3.432374]'),
(93, 45, '[-76.604404, 3.413868]'),
(94, 45, '[-76.57814, 3.414382]'),
(95, 46, '[-76.567841, 3.421065]'),
(96, 46, '[-76.52956, 3.400502]'),
(97, 46, '[-76.578312, 3.39399]'),
(98, 47, '[-76.588955, 3.427405]'),
(99, 47, '[-76.582088, 3.414896]'),
(100, 47, '[-76.596165, 3.417124]'),
(101, 48, '[-76.58535, 3.428262]'),
(102, 48, '[-76.568699, 3.41661]'),
(103, 48, '[-76.588268, 3.415753]'),
(104, 49, '[-76.583118, 3.431004]'),
(105, 49, '[-76.569042, 3.418837]'),
(106, 49, '[-76.595821, 3.417981]'),
(107, 50, '[-76.595135, 3.437344]'),
(108, 50, '[-76.578312, 3.429975]'),
(109, 50, '[-76.600113, 3.420894]'),
(110, 51, '[-76.592216, 3.428433]'),
(111, 51, '[-76.573677, 3.423807]'),
(112, 51, '[-76.583118, 3.415753]'),
(113, 52, '[-76.552729, 3.411587]'),
(114, 52, '[-76.55223, 3.411351]'),
(115, 52, '[-76.552434, 3.410987]'),
(116, 52, '[-76.552885, 3.411335]'),
(117, 53, '[-76.551147, 3.412004]'),
(118, 53, '[-76.550202, 3.410955]'),
(119, 53, '[-76.551361, 3.410955]'),
(120, 54, '[-76.557466, 3.405439]'),
(121, 54, '[-76.55628, 3.405268]'),
(122, 54, '[-76.556489, 3.404609]'),
(123, 54, '[-76.557702, 3.404641]'),
(124, 55, '[-76.566687, 3.410216]'),
(125, 55, '[-76.566344, 3.409782]'),
(126, 55, '[-76.566623, 3.409729]'),
(127, 56, '[-76.552176, 3.424433]'),
(128, 56, '[-76.551892, 3.42431]'),
(129, 56, '[-76.552144, 3.42416]'),
(130, 56, '[-76.552182, 3.424364]'),
(131, 57, '[-76.572159, 3.417809]'),
(132, 57, '[-76.571521, 3.417611]'),
(133, 57, '[-76.572288, 3.417365]'),
(134, 58, '[-76.572159, 3.417809]'),
(135, 58, '[-76.571521, 3.417611]'),
(136, 58, '[-76.572288, 3.417365]'),
(137, 59, '[-76.576445, 3.404224]'),
(138, 59, '[-76.575914, 3.403763]'),
(139, 59, '[-76.576955, 3.403587]'),
(140, 60, '[-76.562718, 3.407785]'),
(141, 60, '[-76.562304, 3.407624]'),
(142, 60, '[-76.562739, 3.407442]'),
(143, 61, '[-76.578526, 3.421065]'),
(144, 61, '[-76.575029, 3.418023]'),
(145, 61, '[-76.581037, 3.41828]'),
(146, 62, '[-76.575737, 3.421065]'),
(147, 62, '[-76.537285, 3.396732]'),
(148, 62, '[-76.586723, 3.390563]'),
(149, 63, '[-76.562777, 3.43835]'),
(150, 63, '[-76.56076, 3.437129]'),
(151, 63, '[-76.564515, 3.436744]'),
(152, 64, '[-76.558657, 3.403961]'),
(153, 64, '[-76.557809, 3.403458]'),
(154, 64, '[-76.558485, 3.402783]'),
(155, 64, '[-76.559193, 3.403244]'),
(156, 65, '[-76.557927, 3.403287]'),
(157, 65, '[-76.556983, 3.402258]'),
(158, 65, '[-76.557884, 3.401187]'),
(159, 65, '[-76.558743, 3.401959]'),
(160, 66, '[-76.532274, 3.371156]'),
(161, 66, '[-76.530858, 3.371167]'),
(162, 66, '[-76.530848, 3.370235]'),
(163, 66, '[-76.531395, 3.370225]'),
(164, 66, '[-76.531395, 3.370535]'),
(165, 66, '[-76.532296, 3.370503]'),
(166, 67, '[-76.536684, 3.372999]'),
(167, 67, '[-76.534152, 3.373791]'),
(168, 67, '[-76.529603, 3.371628]'),
(169, 67, '[-76.529903, 3.367986]'),
(170, 67, '[-76.53677, 3.371413]'),
(171, 68, '[-76.536062, 3.368586]'),
(172, 68, '[-76.531963, 3.367279]'),
(173, 68, '[-76.532564, 3.365437]'),
(174, 68, '[-76.537199, 3.365437]'),
(175, 69, '[-76.557519, 3.40469]'),
(176, 69, '[-76.556597, 3.404486]'),
(177, 69, '[-76.556699, 3.403544]'),
(178, 69, '[-76.557702, 3.403929]'),
(179, 70, '[-76.55503, 3.404443]'),
(180, 70, '[-76.552498, 3.404293]'),
(181, 70, '[-76.55282, 3.401744]'),
(182, 70, '[-76.555288, 3.402066]'),
(183, 71, '[-76.55503, 3.404443]'),
(184, 71, '[-76.552498, 3.404293]'),
(185, 71, '[-76.55282, 3.401744]'),
(186, 71, '[-76.555288, 3.402066]'),
(187, 72, '[-76.550696, 3.406457]'),
(188, 72, '[-76.548185, 3.404508]'),
(189, 72, '[-76.548615, 3.40318]'),
(190, 72, '[-76.551447, 3.404443]'),
(191, 73, '[-76.550696, 3.406457]'),
(192, 73, '[-76.548185, 3.404508]'),
(193, 73, '[-76.548615, 3.40318]'),
(194, 73, '[-76.551447, 3.404443]'),
(195, 73, '[-76.550696, 3.406457]'),
(196, 73, '[-76.548185, 3.404508]'),
(197, 73, '[-76.548615, 3.40318]'),
(198, 73, '[-76.551447, 3.404443]'),
(199, 75, '[-76.550696, 3.406457]'),
(200, 75, '[-76.548185, 3.404508]'),
(201, 75, '[-76.548615, 3.40318]'),
(202, 75, '[-76.551447, 3.404443]'),
(203, 75, '[-76.550696, 3.406457]'),
(204, 75, '[-76.548185, 3.404508]'),
(205, 75, '[-76.548615, 3.40318]'),
(206, 75, '[-76.551447, 3.404443]'),
(207, 75, '[-76.550696, 3.406457]'),
(208, 75, '[-76.548185, 3.404508]'),
(209, 75, '[-76.548615, 3.40318]'),
(210, 75, '[-76.551447, 3.404443]');

--
-- Indexes for dumped tables
--

--
-- Indexes for table `Dron`
--
ALTER TABLE `Dron`
  ADD PRIMARY KEY (`id_dron`),
  ADD KEY `Dron_fk0` (`id_mision`);

--
-- Indexes for table `Foto`
--
ALTER TABLE `Foto`
  ADD PRIMARY KEY (`id_foto`),
  ADD KEY `Foto_fk0` (`id_dron`);

--
-- Indexes for table `Mision`
--
ALTER TABLE `Mision`
  ADD PRIMARY KEY (`id_mision`),
  ADD KEY `Mision_fk0` (`id_usuario`);

--
-- Indexes for table `Telemetria`
--
ALTER TABLE `Telemetria`
  ADD PRIMARY KEY (`id_telemetria`),
  ADD KEY `Telemetria_fk0` (`id_dron`);

--
-- Indexes for table `Usuario`
--
ALTER TABLE `Usuario`
  ADD PRIMARY KEY (`id_usuario`),
  ADD UNIQUE KEY `nombre_usuario` (`nombre_usuario`),
  ADD UNIQUE KEY `nombre_usuario_2` (`nombre_usuario`),
  ADD UNIQUE KEY `nombre_usuario_3` (`nombre_usuario`);

--
-- Indexes for table `wp_dron`
--
ALTER TABLE `wp_dron`
  ADD PRIMARY KEY (`id_wp_dron`),
  ADD KEY `wp_dron_fk0` (`id_dron`);

--
-- Indexes for table `wp_recarga`
--
ALTER TABLE `wp_recarga`
  ADD PRIMARY KEY (`id_wp_recarga`),
  ADD KEY `wp_recarga_fk0` (`id_mision`);

--
-- Indexes for table `wp_region`
--
ALTER TABLE `wp_region`
  ADD PRIMARY KEY (`id_wp_region`),
  ADD KEY `wp_region_fk0` (`id_mision`);

--
-- AUTO_INCREMENT for dumped tables
--

--
-- AUTO_INCREMENT for table `Dron`
--
ALTER TABLE `Dron`
  MODIFY `id_dron` int(11) NOT NULL AUTO_INCREMENT, AUTO_INCREMENT=42;
--
-- AUTO_INCREMENT for table `Foto`
--
ALTER TABLE `Foto`
  MODIFY `id_foto` int(11) NOT NULL AUTO_INCREMENT;
--
-- AUTO_INCREMENT for table `Mision`
--
ALTER TABLE `Mision`
  MODIFY `id_mision` int(11) NOT NULL AUTO_INCREMENT, AUTO_INCREMENT=78;
--
-- AUTO_INCREMENT for table `Telemetria`
--
ALTER TABLE `Telemetria`
  MODIFY `id_telemetria` int(11) NOT NULL AUTO_INCREMENT;
--
-- AUTO_INCREMENT for table `Usuario`
--
ALTER TABLE `Usuario`
  MODIFY `id_usuario` int(11) NOT NULL AUTO_INCREMENT, AUTO_INCREMENT=17;
--
-- AUTO_INCREMENT for table `wp_dron`
--
ALTER TABLE `wp_dron`
  MODIFY `id_wp_dron` int(11) NOT NULL AUTO_INCREMENT, AUTO_INCREMENT=65;
--
-- AUTO_INCREMENT for table `wp_recarga`
--
ALTER TABLE `wp_recarga`
  MODIFY `id_wp_recarga` int(11) NOT NULL AUTO_INCREMENT, AUTO_INCREMENT=61;
--
-- AUTO_INCREMENT for table `wp_region`
--
ALTER TABLE `wp_region`
  MODIFY `id_wp_region` int(11) NOT NULL AUTO_INCREMENT, AUTO_INCREMENT=211;
--
-- Constraints for dumped tables
--

--
-- Constraints for table `Dron`
--
ALTER TABLE `Dron`
  ADD CONSTRAINT `Dron_fk0` FOREIGN KEY (`id_mision`) REFERENCES `Mision` (`id_mision`);

--
-- Constraints for table `Foto`
--
ALTER TABLE `Foto`
  ADD CONSTRAINT `Foto_fk0` FOREIGN KEY (`id_dron`) REFERENCES `Dron` (`id_dron`);

--
-- Constraints for table `Mision`
--
ALTER TABLE `Mision`
  ADD CONSTRAINT `Mision_fk0` FOREIGN KEY (`id_usuario`) REFERENCES `Usuario` (`id_usuario`);

--
-- Constraints for table `Telemetria`
--
ALTER TABLE `Telemetria`
  ADD CONSTRAINT `Telemetria_fk0` FOREIGN KEY (`id_dron`) REFERENCES `Dron` (`id_dron`);

--
-- Constraints for table `wp_dron`
--
ALTER TABLE `wp_dron`
  ADD CONSTRAINT `wp_dron_fk0` FOREIGN KEY (`id_dron`) REFERENCES `Dron` (`id_dron`);

--
-- Constraints for table `wp_recarga`
--
ALTER TABLE `wp_recarga`
  ADD CONSTRAINT `wp_recarga_fk0` FOREIGN KEY (`id_mision`) REFERENCES `Mision` (`id_mision`);

--
-- Constraints for table `wp_region`
--
ALTER TABLE `wp_region`
  ADD CONSTRAINT `wp_region_fk0` FOREIGN KEY (`id_mision`) REFERENCES `Mision` (`id_mision`);

/*!40101 SET CHARACTER_SET_CLIENT=@OLD_CHARACTER_SET_CLIENT */;
/*!40101 SET CHARACTER_SET_RESULTS=@OLD_CHARACTER_SET_RESULTS */;
/*!40101 SET COLLATION_CONNECTION=@OLD_COLLATION_CONNECTION */;
